'Janie','Male '
'Tyler','Male '
'Luther',' Female'
'Emmy','Male '
'Elliott',' Female'
'Lawson',' Female'
'Maryam',' Female'
'Mortimer',' Female'
'Eunice',' Female'
'Jeremie','Male '
'Dante','Male '
'Margret','Male '
'Loy',' Female'
'Bertha',' Female'
'Earnest',' Female'
'Orville',' Female'
'Kobe',' Female'
'Tad',' Female'
'Regan','Male '
'Roberta',' Female'
'Baylee',' Female'
'Katelyn','Male '
'Dalton','Male '
'Julian','Male '
'Misty',' Female'
'Brando','Male '
'Edgar','Male '
'Clark',' Female'
'Janiya',' Female'
'Luna','Male '
'Gordon','Male '
'Sydnee',' Female'
'Janelle',' Female'
'Lottie','Male '
'Harmon',' Female'
'Katharina',' Female'
'Mattie',' Female'
'Kirsten',' Female'
'Elinore',' Female'
'Claude',' Female'
'Mohammed','Male '
'Emory',' Female'
'Juvenal','Male '
'Louisa',' Female'
'Demetrius',' Female'
'Romaine','Male '
'Dario',' Female'
'Ward','Male '
'Remington','Male '
'Sally','Male '
'Ladarius','Male '
'Petra','Male '
'Gregg','Male '
'Grover','Male '
'Berenice',' Female'
'Mario',' Female'
'Ariel','Male '
'Frida','Male '
'Dennis','Male '
'Enoch','Male '
'Kip',' Female'
'Norene',' Female'
'Lera','Male '
'Chauncey','Male '
'Armani','Male '
'Elroy','Male '
'Stewart','Male '
'Wilfred','Male '
'Heidi','Male '
'Freeda',' Female'
'Emmy','Male '
'Madyson',' Female'
'Name',' Female'
'Carleton','Male '
'Tracey','Male '
'Kiley','Male '
'Marley',' Female'
'Jazmyn','Male '
'Aniya',' Female'
'Keely',' Female'
'Leonora','Male '
'Lemuel','Male '
'Everette','Male '
'Tina','Male '
'Euna','Male '
'Aileen',' Female'
'Derick',' Female'
'Otto',' Female'
'Hortense','Male '
'Luther',' Female'
'Flossie',' Female'
'Lyla','Male '
'Jasmin',' Female'
'Roel',' Female'
'Aniyah','Male '
'Ivory','Male '
'Reanna','Male '
'Dora',' Female'
'Patsy','Male '
'Ines',' Female'
